"DIVIPOLA","City_Municipality","ID_Deparment","Department","Latitude","Longitude","Active","Confirmed","Deaths","Recovered","House","Hospital","ICU","People_Hospitalized","Total_Hospital_Beds","Total_Hospital_Beds_Utilisation","Total_Hospitalization_Rate","Mild_Rate","Severe_Rate","Critical_Rate","Lethality_Rate","Mortality_Rate","Recovery_Rates","Active_Rate","Cases_Share_Of_Population","Deaths_Share_Of_Population","Last_Update"
"5001","Medellin","5","Antioquia","5.610109776","-74.88681663","200","441","3","238","192","4","4","8","2885","0.003","0.018","0.435","0.009","0.009","0.007","0.0011842","0.540","0.454","5745.000","844475.000","2020-05-24 16:44:00"
"5030","Amaga","5","Antioquia","6.038808575","-75.70194607","1","1","0","0","1","0","0","0","5","0.000","0.000","1.000","0.000","0.000","0.000","0.0000000","0.000","1.000","31283.000","","2020-05-24 16:44:00"
"5034","Andes","5","Antioquia","5.656774852","-75.87879189","1","1","0","0","1","0","0","0","10","0.000","0.000","1.000","0.000","0.000","0.000","0.0000000","0.000","1.000","44199.000","","2020-05-24 16:44:00"
"5038","Angostura","5","Antioquia","6.885174591","-75.33511597","0","1","0","1","0","0","0","0","3","0.000","0.000","0.000","0.000","0.000","0.000","0.0000000","1.000","0.000","11536.000","","2020-05-24 16:44:00"
"5045","Apartado","5","Antioquia","7.883417406","-76.62596065","15","19","0","4","15","0","0","0","158","0.000","0.000","0.789","0.000","0.000","0.000","0.0000000","0.211","0.789","6723.000","","2020-05-24 16:44:00"
"5079","Barbosa","5","Antioquia","6.439226882","-75.33164423","1","1","0","0","1","0","0","0","7","0.000","0.000","1.000","0.000","0.000","0.000","0.0000000","0.000","1.000","54347.000","","2020-05-24 16:44:00"
"5088","Bello","5","Antioquia","6.334068836","-75.55466507","13","52","1","38","12","0","1","1","355","0.003","0.019","0.231","0.000","0.019","0.019","0.0018111","0.731","0.250","10618.000","552154.000","2020-05-24 16:44:00"
"5129","Caldas","5","Antioquia","6.091296966","-75.63361872","0","3","0","3","0","0","0","0","49","0.000","0.000","0.000","0.000","0.000","0.000","0.0000000","1.000","0.000","27808.000","","2020-05-24 16:44:00"
"5148","El Carmen de Viboral","5","Antioquia","6.084551516","-75.33536246","1","1","0","0","1","0","0","0","11","0.000","0.000","1.000","0.000","0.000","0.000","0.0000000","0.000","1.000","62581.000","","2020-05-24 16:44:00"
"5154","Caucasia","5","Antioquia","7.977362333","-75.19829033","1","1","0","0","1","0","0","0","126","0.000","0.000","1.000","0.000","0.000","0.000","0.0000000","0.000","1.000","95427.000","","2020-05-24 16:44:00"
"5190","Cisneros","5","Antioquia","6.537761957","-75.08720761","0","1","0","1","0","0","0","0","6","0.000","0.000","0.000","0.000","0.000","0.000","0.0000000","1.000","0.000","9936.000","","2020-05-24 16:44:00"
"5197","Cocorna","5","Antioquia","6.058306335","-75.18548101","0","1","0","1","0","0","0","0","2","0.000","0.000","0.000","0.000","0.000","0.000","0.0000000","1.000","0.000","14833.000","","2020-05-24 16:44:00"
"5212","Copacabana","5","Antioquia","6.348640545","-75.5093439","4","12","0","8","4","0","0","0","6","0.000","0.000","0.333","0.000","0.000","0.000","0.0000000","0.667","0.333","6818.000","","2020-05-24 16:44:00"
"5237","Donmatias","5","Antioquia","6.484469957","-75.39272406","0","1","0","1","0","0","0","0","3","0.000","0.000","0.000","0.000","0.000","0.000","0.0000000","1.000","0.000","19709.000","","2020-05-24 16:44:00"
"5250","El Bagre","5","Antioquia","7.597521794","-74.79909729","1","1","0","0","1","0","0","0","12","0.000","0.000","1.000","0.000","0.000","0.000","0.0000000","0.000","1.000","53846.000","","2020-05-24 16:44:00"
"5266","Envigado","5","Antioquia","6.167004552","-75.58301014","3","28","0","25","2","1","0","1","131","0.008","0.036","0.071","0.036","0.000","0.000","0.0000000","0.893","0.107","8650.000","","2020-05-24 16:44:00"
"5284","Frontino","5","Antioquia","6.776065912","-76.13076514","0","1","0","1","0","0","0","0","5","0.000","0.000","0.000","0.000","0.000","0.000","0.0000000","1.000","0.000","20700.000","","2020-05-24 16:44:00"
"5313","Granada","5","Antioquia","6.142896667","-75.18444508","0","1","1","0","0","0","0","0","1","0.000","0.000","0.000","0.000","0.000","1.000","0.1024170","0.000","0.000","9764.000","9764.000","2020-05-24 16:44:00"
"5318","Guarne","5","Antioquia","6.278064077","-75.44165392","0","3","0","3","0","0","0","0","4","0.000","0.000","0.000","0.000","0.000","0.000","0.0000000","1.000","0.000","19386.000","","2020-05-24 16:44:00"
"5321","Guatape","5","Antioquia","6.232592707","-75.16229259","0","2","0","2","0","0","0","0","2","0.000","0.000","0.000","0.000","0.000","0.000","0.0000000","1.000","0.000","4355.000","","2020-05-24 16:44:00"
"5360","Itagui","5","Antioquia","6.169597629","-75.61435871","4","18","0","14","4","0","0","0","168","0.000","0.000","0.222","0.000","0.000","0.000","0.0000000","0.778","0.222","16111.000","","2020-05-24 16:44:00"
"5361","Ituango","5","Antioquia","7.17162903","-75.76467317","60","60","0","0","60","0","0","0","8","0.000","0.000","1.000","0.000","0.000","0.000","0.0000000","0.000","1.000","463.000","","2020-05-24 16:44:00"
"5376","La Ceja","5","Antioquia","6.028055744","-75.42943089","0","2","0","2","0","0","0","0","120","0.000","0.000","0.000","0.000","0.000","0.000","0.0000000","1.000","0.000","34163.000","","2020-05-24 16:44:00"
"5380","La Estrella","5","Antioquia","6.15841974","-75.64519038","3","11","0","8","3","0","0","0","3","0.000","0.000","0.273","0.000","0.000","0.000","0.0000000","0.727","0.273","6865.000","","2020-05-24 16:44:00"
"5440","Marinilla","5","Antioquia","6.172269255","-75.33947788","3","3","0","0","3","0","0","0","4","0.000","0.000","1.000","0.000","0.000","0.000","0.0000000","0.000","1.000","22631.000","","2020-05-24 16:44:00"
"5467","Montebello","5","Antioquia","5.946325567","-75.52351091","0","3","0","3","0","0","0","0","2","0.000","0.000","0.000","0.000","0.000","0.000","0.0000000","1.000","0.000","2214.000","","2020-05-24 16:44:00"
"5607","Retiro","5","Antioquia","6.063379954","-75.50137516","0","1","0","1","0","0","0","0","12","0.000","0.000","0.000","0.000","0.000","0.000","0.0000000","1.000","0.000","24757.000","","2020-05-24 16:44:00"
"5615","Rionegro","5","Antioquia","6.14722409","-75.37676938","2","13","0","11","2","0","0","0","304","0.000","0.000","0.154","0.000","0.000","0.000","0.0000000","0.846","0.154","11000.000","","2020-05-24 16:44:00"
"5631","Sabaneta","5","Antioquia","6.150970181","-75.61558529","6","15","0","9","5","0","1","1","22","0.045","0.067","0.333","0.000","0.067","0.000","0.0000000","0.600","0.400","5865.000","","2020-05-24 16:44:00"
"5652","San Francisco","5","Antioquia","5.964079131","-75.10268697","0","1","1","0","0","0","0","0","3","0.000","0.000","0.000","0.000","0.000","1.000","0.1698081","0.000","0.000","5889.000","5889.000","2020-05-24 16:44:00"
"5665","San Pedro de Uraba","5","Antioquia","8.276886664","-76.38057789","0","1","0","1","0","0","0","0","5","0.000","0.000","0.000","0.000","0.000","0.000","0.0000000","1.000","0.000","32147.000","","2020-05-24 16:44:00"
"5686","Santa Rosa de Osos","5","Antioquia","6.643326001","-75.46074502","0","2","0","2","0","0","0","0","6","0.000","0.000","0.000","0.000","0.000","0.000","0.0000000","1.000","0.000","18935.000","","2020-05-24 16:44:00"
"5697","El Santuario","5","Antioquia","6.137046858","-75.26584979","0","1","0","1","0","0","0","0","4","0.000","0.000","0.000","0.000","0.000","0.000","0.0000000","1.000","0.000","36605.000","","2020-05-24 16:44:00"
"5756","Sonson","5","Antioquia","5.714811641","-75.30939515","1","2","0","1","1","0","0","0","4","0.000","0.000","0.500","0.000","0.000","0.000","0.0000000","0.500","0.500","18313.000","","2020-05-24 16:44:00"
"5837","Turbo","5","Antioquia","8.089116411","-76.72915844","15","15","0","0","15","0","0","0","51","0.000","0.000","1.000","0.000","0.000","0.000","0.0000000","0.000","1.000","8679.000","","2020-05-24 16:44:00"
"8001","Barranquilla","8","Atlantico","10.97592682","-74.79525905","1264","1450","43","143","1158","83","22","105","2591","0.041","0.072","0.799","0.057","0.015","0.030","0.0337453","0.099","0.872","879.000","29634.000","2020-05-24 16:44:00"
"8078","Baranoa","8","Atlantico","10.79488048","-74.91609981","21","25","0","4","20","1","0","1","218","0.005","0.040","0.800","0.040","0.000","0.000","0.0000000","0.160","0.840","2682.000","","2020-05-24 16:44:00"
"8137","Campo de la Cruz","8","Atlantico","10.37924013","-74.88315173","1","1","0","0","1","0","0","0","16","0.000","0.000","1.000","0.000","0.000","0.000","0.0000000","0.000","1.000","23567.000","","2020-05-24 16:44:00"
"8141","Candelaria","8","Atlantico","10.46121723","-74.8799126","0","1","0","1","0","0","0","0","2","0.000","0.000","0.000","0.000","0.000","0.000","0.0000000","1.000","0.000","17195.000","","2020-05-24 16:44:00"
"8296","Galapa","8","Atlantico","10.919641","-74.8669381","27","31","2","2","27","0","0","0","5","0.000","0.000","0.871","0.000","0.000","0.065","0.0298414","0.065","0.871","2162.000","33511.000","2020-05-24 16:44:00"
"8372","Juan de Acosta","8","Atlantico","10.83018223","-75.04079914","1","1","0","0","1","0","0","0","6","0.000","0.000","1.000","0.000","0.000","0.000","0.0000000","0.000","1.000","22752.000","","2020-05-24 16:44:00"
"8421","Luruaco","8","Atlantico","10.61111642","-75.14224614","1","1","0","0","1","0","0","0","61","0.000","0.000","1.000","0.000","0.000","0.000","0.0000000","0.000","1.000","30314.000","","2020-05-24 16:44:00"
"8433","Malambo","8","Atlantico","10.85628724","-74.77424057","206","218","7","5","191","14","1","15","52","0.288","0.069","0.876","0.064","0.005","0.032","0.0501555","0.023","0.945","640.000","19938.000","2020-05-24 16:44:00"
"8436","Manati","8","Atlantico","10.44896238","-74.95703499","4","5","0","1","3","1","0","1","1","1.000","0.200","0.600","0.200","0.000","0.000","0.0000000","0.200","0.800","4288.000","","2020-05-24 16:44:00"
"8520","Palmar de Varela","8","Atlantico","10.73858326","-74.75475789","34","37","0","3","34","0","0","0","36","0.000","0.000","0.919","0.000","0.000","0.000","0.0000000","0.081","0.919","839.000","","2020-05-24 16:44:00"
"8558","Polonuevo","8","Atlantico","10.77772451","-74.85425725","7","12","0","5","7","0","0","0","3","0.000","0.000","0.583","0.000","0.000","0.000","0.0000000","0.417","0.583","1629.000","","2020-05-24 16:44:00"
"8560","Ponedera","8","Atlantico","10.64179593","-74.75390044","4","5","0","1","3","1","0","1","11","0.091","0.200","0.600","0.200","0.000","0.000","0.0000000","0.200","0.800","5146.000","","2020-05-24 16:44:00"
"8573","Puerto Colombia","8","Atlantico","11.02294005","-74.85196357","21","27","1","5","17","2","2","4","344","0.012","0.148","0.630","0.074","0.074","0.037","0.0186397","0.185","0.778","1987.000","53649.000","2020-05-24 16:44:00"
"8606","Repelon","8","Atlantico","10.49334167","-75.12548162","1","1","0","0","0","0","0","0","1","0.000","0.000","0.000","0.000","0.000","0.000","0.0000000","0.000","1.000","28102.000","","2020-05-24 16:44:00"
"8634","Sabanagrande","8","Atlantico","10.79107595","-74.75850721","67","80","1","12","67","0","0","0","41","0.000","0.000","0.838","0.000","0.000","0.013","0.0285030","0.150","0.838","439.000","35084.000","2020-05-24 16:44:00"
"8638","Sabanalarga","8","Atlantico","10.63283523","-74.92109368","24","27","0","3","22","2","0","2","114","0.018","0.074","0.815","0.074","0.000","0.000","0.0000000","0.111","0.889","3706.000","","2020-05-24 16:44:00"
"8675","Santa Lucia","8","Atlantico","10.32327321","-74.95897145","1","2","1","0","1","0","0","0","0","","0.000","0.500","0.000","0.000","0.500","0.0584659","0.000","0.500","8552.000","17104.000","2020-05-24 16:44:00"
"8685","Santo Tomas","8","Atlantico","10.75605629","-74.75411186","33","36","1","2","31","2","0","2","32","0.063","0.056","0.861","0.056","0.000","0.028","0.0312500","0.056","0.917","889.000","32000.000","2020-05-24 16:44:00"
"8758","Soledad","8","Atlantico","10.91017447","-74.78483338","740","812","14","58","718","17","4","21","327","0.064","0.026","0.884","0.021","0.005","0.017","0.0210520","0.071","0.911","819.000","47502.000","2020-05-24 16:44:00"
"8832","Tubara","8","Atlantico","10.87364774","-74.97867947","1","1","0","0","0","0","1","1","2","0.500","1.000","0.000","0.000","1.000","0.000","0.0000000","0.000","1.000","18846.000","","2020-05-24 16:44:00"
"8849","Usiacuri","8","Atlantico","10.74297819","-74.97698261","1","1","0","0","1","0","0","0","1","0.000","0.000","1.000","0.000","0.000","0.000","0.0000000","0.000","1.000","13144.000","","2020-05-24 16:44:00"
"11001","Bogota D.C.","11","Bogota D.C.","4.65017303","-74.107359","5115","7211","207","1889","4596","470","42","512","7247","0.071","0.071","0.637","0.065","0.006","0.029","0.0267305","0.262","0.709","1074.000","37410.000","2020-05-24 16:44:00"
"13001","Cartagena de Indias","13","Bolivar","10.38498552","-75.49643103","1750","2117","98","269","1545","173","31","204","1588","0.128","0.096","0.730","0.082","0.015","0.046","0.0952625","0.127","0.827","486.000","10497.000","2020-05-24 16:44:00"
"13052","Arjona","13","Bolivar","10.25663152","-75.34448845","14","21","0","7","13","0","1","1","10","0.100","0.048","0.619","0.000","0.048","0.000","0.0000000","0.333","0.667","3511.000","","2020-05-24 16:44:00"
"13074","Barranco de Loba","13","Bolivar","8.947730158","-74.10522428","0","1","1","0","0","0","0","0","6","0.000","0.000","0.000","0.000","0.000","1.000","0.0658718","0.000","0.000","15181.000","15181.000","2020-05-24 16:44:00"
"13140","Calamar","13","Bolivar","10.25196336","-74.91362928","0","1","1","0","0","0","0","0","7","0.000","0.000","0.000","0.000","0.000","1.000","0.0432957","0.000","0.000","23097.000","23097.000","2020-05-24 16:44:00"
"13222","Clemencia","13","Bolivar","10.56754177","-75.32851201","1","1","0","0","1","0","0","0","3","0.000","0.000","1.000","0.000","0.000","0.000","0.0000000","0.000","1.000","15453.000","","2020-05-24 16:44:00"
"13430","Magangue","13","Bolivar","9.268563794","-74.77017457","2","6","2","2","2","0","0","0","220","0.000","0.000","0.333","0.000","0.000","0.333","0.0142698","0.333","0.333","23359.000","70078.000","2020-05-24 16:44:00"
"13433","Mahates","13","Bolivar","10.23325452","-75.19133659","1","1","0","0","1","0","0","0","10","0.000","0.000","1.000","0.000","0.000","0.000","0.0000000","0.000","1.000","29355.000","","2020-05-24 16:44:00"
"13442","Maria la Baja","13","Bolivar","9.982645517","-75.30075935","0","1","0","1","0","0","0","0","1","0.000","0.000","0.000","0.000","0.000","0.000","0.0000000","1.000","0.000","48457.000","","2020-05-24 16:44:00"
"13620","San Cristobal","13","Bolivar","10.39285577","-75.06553417","1","1","0","0","0","1","0","1","1","1.000","1.000","0.000","1.000","0.000","0.000","0.0000000","0.000","1.000","8569.000","","2020-05-24 16:44:00"
"13673","Santa Catalina","13","Bolivar","10.60505605","-75.28776411","4","5","0","1","4","0","0","0","5","0.000","0.000","0.800","0.000","0.000","0.000","0.0000000","0.200","0.800","2990.000","","2020-05-24 16:44:00"
"13683","Santa Rosa","13","Bolivar","10.44439608","-75.36983166","23","29","1","5","22","1","0","1","16","0.063","0.034","0.759","0.034","0.000","0.034","0.0446249","0.172","0.793","773.000","22409.000","2020-05-24 16:44:00"
"13836","Turbaco","13","Bolivar","10.33276916","-75.42440917","38","58","2","18","34","4","0","4","70","0.057","0.069","0.586","0.069","0.000","0.034","0.0176305","0.310","0.655","1956.000","56720.000","2020-05-24 16:44:00"
"13838","Turbana","13","Bolivar","10.27440205","-75.44250247","6","6","0","0","5","1","0","1","1","1.000","0.167","0.833","0.167","0.000","0.000","0.0000000","0.000","1.000","2902.000","","2020-05-24 16:44:00"
"13873","Villanueva","13","Bolivar","10.44449833","-75.27475439","19","19","0","0","16","2","1","3","1","3.000","0.158","0.842","0.105","0.053","0.000","0.0000000","0.000","1.000","1328.000","","2020-05-24 16:44:00"
"15001","Tunja","15","Boyaca","5.539953238","-73.35548873","23","28","1","4","19","0","3","3","299","0.010","0.107","0.679","0.000","0.107","0.036","0.0055784","0.143","0.821","6402.000","179263.000","2020-05-24 16:44:00"
"15047","Aquitania","15","Boyaca","5.518603543","-72.88398481","2","2","0","0","2","0","0","0","3","0.000","0.000","1.000","0.000","0.000","0.000","0.0000000","0.000","1.000","7773.000","","2020-05-24 16:44:00"
"15131","Caldas","15","Boyaca","5.554575079","-73.865541","0","1","0","1","0","0","0","0","0","","0.000","0.000","0.000","0.000","0.000","0.0000000","1.000","0.000","3126.000","","2020-05-24 16:44:00"
"15176","Chiquinquira","15","Boyaca","5.61412789","-73.81838763","7","13","0","6","7","0","0","0","47","0.000","0.000","0.538","0.000","0.000","0.000","0.0000000","0.462","0.538","4457.000","","2020-05-24 16:44:00"
"15204","Combita","15","Boyaca","5.634545314","-73.32395642","5","5","0","0","3","0","2","2","0","","0.400","0.600","0.000","0.400","0.000","0.0000000","0.000","1.000","2656.000","","2020-05-24 16:44:00"
"15212","Coper","15","Boyaca","5.474983018","-74.04546072","1","1","0","0","0","1","0","1","0","","1.000","0.000","1.000","0.000","0.000","0.0000000","0.000","1.000","3571.000","","2020-05-24 16:44:00"
"15223","Cubara","15","Boyaca","7.000092875","-72.11068776","2","3","0","1","0","1","0","1","3","0.333","0.333","0.000","0.333","0.000","0.000","0.0000000","0.333","0.667","3583.000","","2020-05-24 16:44:00"
"15224","Cucaita","15","Boyaca","5.544451559","-73.45433765","1","2","1","0","1","0","0","0","0","","0.000","0.500","0.000","0.000","0.500","0.2640613","0.000","0.500","1894.000","3787.000","2020-05-24 16:44:00"
"15238","Duitama","15","Boyaca","5.82298568","-73.03060967","19","24","0","5","18","1","0","1","110","0.009","0.042","0.750","0.042","0.000","0.000","0.0000000","0.208","0.792","5278.000","","2020-05-24 16:44:00"
"15299","Garagoa","15","Boyaca","5.083243463","-73.36442756","1","4","1","2","1","0","0","0","15","0.000","0.000","0.250","0.000","0.000","0.250","0.0545792","0.500","0.250","4581.000","18322.000","2020-05-24 16:44:00"
"15322","Guateque","15","Boyaca","5.007320895","-73.47120697","5","5","0","0","5","0","0","0","15","0.000","0.000","1.000","0.000","0.000","0.000","0.0000000","0.000","1.000","2181.000","","2020-05-24 16:44:00"
"15407","Villa de Leyva","15","Boyaca","5.632661849","-73.5246846","1","5","0","4","1","0","0","0","3","0.000","0.000","0.200","0.000","0.000","0.000","0.0000000","0.800","0.200","3395.000","","2020-05-24 16:44:00"
"15455","Miraflores","15","Boyaca","5.196515115","-73.14563048","1","1","0","0","1","0","0","0","6","0.000","0.000","1.000","0.000","0.000","0.000","0.0000000","0.000","1.000","9015.000","","2020-05-24 16:44:00"
"15469","Moniquira","15","Boyaca","5.876334811","-73.57337039","2","2","0","0","0","2","0","2","19","0.105","1.000","0.000","1.000","0.000","0.000","0.0000000","0.000","1.000","11518.000","","2020-05-24 16:44:00"
"15480","Muzo","15","Boyaca","5.532462867","-74.10275078","0","1","0","1","0","0","0","0","4","0.000","0.000","0.000","0.000","0.000","0.000","0.0000000","1.000","0.000","8394.000","","2020-05-24 16:44:00"
"15500","Oicata","15","Boyaca","5.595234239","-73.30840398","0","1","0","1","0","0","0","0","22","0.000","0.000","0.000","0.000","0.000","0.000","0.0000000","1.000","0.000","2890.000","","2020-05-24 16:44:00"
"15516","Paipa","15","Boyaca","5.77994187","-73.11791688","2","6","1","3","0","2","0","2","4","0.500","0.333","0.000","0.333","0.000","0.167","0.0288359","0.500","0.333","5780.000","34679.000","2020-05-24 16:44:00"
"15533","Paya","15","Boyaca","5.625698707","-72.42377541","2","2","0","0","2","0","0","0","0","","0.000","1.000","0.000","0.000","0.000","0.0000000","0.000","1.000","1318.000","","2020-05-24 16:44:00"
"15646","Samaca","15","Boyaca","5.492314591","-73.48564359","1","2","1","0","1","0","0","0","3","0.000","0.000","0.500","0.000","0.000","0.500","0.0531406","0.000","0.500","9409.000","18818.000","2020-05-24 16:44:00"
"15676","San Miguel de Sema","15","Boyaca","5.518086388","-73.72200484","1","1","0","0","1","0","0","0","0","","0.000","1.000","0.000","0.000","0.000","0.0000000","0.000","1.000","3011.000","","2020-05-24 16:44:00"
"15686","Santana","15","Boyaca","6.057413107","-73.48122632","1","4","0","3","1","0","0","0","0","","0.000","0.250","0.000","0.000","0.000","0.0000000","0.750","0.250","1928.000","","2020-05-24 16:44:00"
"15693","Santa Rosa de Viterbo","15","Boyaca","5.874555597","-72.98246092","0","1","0","1","0","0","0","0","0","","0.000","0.000","0.000","0.000","0.000","0.0000000","1.000","0.000","13325.000","","2020-05-24 16:44:00"
"15696","Santa Sofia","15","Boyaca","5.713269421","-73.60270717","0","1","0","1","0","0","0","0","0","","0.000","0.000","0.000","0.000","0.000","0.0000000","1.000","0.000","3212.000","","2020-05-24 16:44:00"
"15757","Socha","15","Boyaca","5.996713021","-72.69196586","1","3","0","2","1","0","0","0","2","0.000","0.000","0.333","0.000","0.000","0.000","0.0000000","0.667","0.333","2695.000","","2020-05-24 16:44:00"
"15759","Sogamoso","15","Boyaca","5.72568939","-72.92304769","5","8","0","3","2","2","0","2","171","0.012","0.250","0.250","0.250","0.000","0.000","0.0000000","0.375","0.625","16388.000","","2020-05-24 16:44:00"
"15776","Sutamarchan","15","Boyaca","5.619781419","-73.6205861","8","8","0","0","8","0","0","0","0","","0.000","1.000","0.000","0.000","0.000","0.0000000","0.000","1.000","779.000","","2020-05-24 16:44:00"
"15798","Tenza","15","Boyaca","5.077074351","-73.42058911","0","2","0","2","0","0","0","0","0","","0.000","0.000","0.000","0.000","0.000","0.0000000","1.000","0.000","1911.000","","2020-05-24 16:44:00"
"15808","Tinjaca","15","Boyaca","5.57971331","-73.64684734","1","1","0","0","1","0","0","0","0","","0.000","1.000","0.000","0.000","0.000","0.0000000","0.000","1.000","3351.000","","2020-05-24 16:44:00"
"15810","Tipacoque","15","Boyaca","6.418585803","-72.69317268","1","1","0","0","0","0","1","1","0","","1.000","0.000","0.000","1.000","0.000","0.0000000","0.000","1.000","3290.000","","2020-05-24 16:44:00"
"15816","Togui","15","Boyaca","5.937438225","-73.51365506","2","14","0","12","2","0","0","0","0","","0.000","0.143","0.000","0.000","0.000","0.0000000","0.857","0.143","310.000","","2020-05-24 16:44:00"
"15835","Turmeque","15","Boyaca","5.323252768","-73.49184702","1","3","0","2","1","0","0","0","2","0.000","0.000","0.333","0.000","0.000","0.000","0.0000000","0.667","0.333","2052.000","","2020-05-24 16:44:00"
"15861","Ventaquemada","15","Boyaca","5.368733979","-73.52237325","3","3","0","0","3","0","0","0","0","","0.000","1.000","0.000","0.000","0.000","0.0000000","0.000","1.000","5364.000","","2020-05-24 16:44:00"
"15879","Viracacha","15","Boyaca","5.436788535","-73.29689965","1","1","0","0","1","0","0","0","0","","0.000","1.000","0.000","0.000","0.000","0.0000000","0.000","1.000","2809.000","","2020-05-24 16:44:00"
"17001","Manizales","17","Caldas","5.057688197","-75.49104898","17","41","2","22","15","2","0","2","796","0.003","0.049","0.366","0.049","0.000","0.049","0.0044827","0.537","0.415","10882.000","223080.000","2020-05-24 16:44:00"
"17013","Aguadas","17","Caldas","5.610244456","-75.45486967","1","1","0","0","1","0","0","0","8","0.000","0.000","1.000","0.000","0.000","0.000","0.0000000","0.000","1.000","23048.000","","2020-05-24 16:44:00"
"17042","Anserma","17","Caldas","5.236474391","-75.78434266","0","1","0","1","0","0","0","0","10","0.000","0.000","0.000","0.000","0.000","0.000","0.0000000","1.000","0.000","36691.000","","2020-05-24 16:44:00"
"17174","Chinchina","17","Caldas","4.985812862","-75.60748073","2","6","0","4","2","0","0","0","38","0.000","0.000","0.333","0.000","0.000","0.000","0.0000000","0.667","0.333","8711.000","","2020-05-24 16:44:00"
"17380","La Dorada","17","Caldas","5.444406098","-74.65820562","19","56","2","35","19","0","0","0","61","0.000","0.000","0.339","0.000","0.000","0.036","0.0270248","0.625","0.339","1322.000","37003.000","2020-05-24 16:44:00"
"17433","Manzanares","17","Caldas","5.255720253","-75.15282885","2","2","0","0","2","0","0","0","5","0.000","0.000","1.000","0.000","0.000","0.000","0.0000000","0.000","1.000","8897.000","","2020-05-24 16:44:00"
"17442","Marmato","17","Caldas","5.47400482","-75.60024162","0","1","0","1","0","0","0","0","5","0.000","0.000","0.000","0.000","0.000","0.000","0.0000000","1.000","0.000","9167.000","","2020-05-24 16:44:00"
"17444","Marquetalia","17","Caldas","5.297524561","-75.05309703","2","5","0","3","2","0","0","0","5","0.000","0.000","0.400","0.000","0.000","0.000","0.0000000","0.600","0.400","2698.000","","2020-05-24 16:44:00"
"17495","Norcasia","17","Caldas","5.574795393","-74.88954408","0","1","1","0","0","0","0","0","4","0.000","0.000","0.000","0.000","0.000","1.000","0.1631854","0.000","0.000","6128.000","6128.000","2020-05-24 16:44:00"
"17614","Riosucio","17","Caldas","5.423680913","-75.70206971","1","1","0","0","1","0","0","0","14","0.000","0.000","1.000","0.000","0.000","0.000","0.0000000","0.000","1.000","51956.000","","2020-05-24 16:44:00"
"17616","Risaralda","17","Caldas","5.164508957","-75.76721954","0","1","0","1","0","0","0","0","6","0.000","0.000","0.000","0.000","0.000","0.000","0.0000000","1.000","0.000","10568.000","","2020-05-24 16:44:00"
"17662","Samana","17","Caldas","5.413086301","-74.99225776","1","2","0","1","0","1","0","1","9","0.111","0.500","0.000","0.500","0.000","0.000","0.0000000","0.500","0.500","9984.000","","2020-05-24 16:44:00"
"17873","Villamaria","17","Caldas","5.043806686","-75.5137606","4","8","0","4","3","0","1","1","7","0.143","0.125","0.375","0.000","0.125","0.000","0.0000000","0.500","0.500","8429.000","","2020-05-24 16:44:00"
"17877","Viterbo","17","Caldas","5.062664236","-75.87060986","0","2","0","2","0","0","0","0","3","0.000","0.000","0.000","0.000","0.000","0.000","0.0000000","1.000","0.000","6427.000","","2020-05-24 16:44:00"
"18001","Florencia","18","Caqueta","1.61792293","-75.60856043","13","20","1","6","13","0","0","0","257","0.000","0.000","0.650","0.000","0.000","0.050","0.0057800","0.300","0.650","8651.000","173011.000","2020-05-24 16:44:00"
"18753","San Vicente del Caguan","18","Caqueta","2.119786131","-74.76734058","1","1","0","0","0","1","0","1","8","0.125","1.000","0.000","1.000","0.000","0.000","0.0000000","0.000","1.000","52593.000","","2020-05-24 16:44:00"
"19001","Popayan","19","Cauca","2.482503391","-76.57406468","11","32","1","20","11","0","0","0","660","0.000","0.000","0.344","0.000","0.000","0.031","0.0030724","0.625","0.344","10171.000","325477.000","2020-05-24 16:44:00"
"19110","Buenos Aires","19","Cauca","3.01542683","-76.64228059","1","1","0","0","1","0","0","0","3","0.000","0.000","1.000","0.000","0.000","0.000","0.0000000","0.000","1.000","32049.000","","2020-05-24 16:44:00"
"19142","Caloto","19","Cauca","3.034070778","-76.40848704","1","2","0","1","1","0","0","0","4","0.000","0.000","0.500","0.000","0.000","0.000","0.0000000","0.500","0.500","15108.000","","2020-05-24 16:44:00"
"19256","El Tambo","19","Cauca","2.45137136","-76.81077225","2","4","0","2","2","0","0","0","5","0.000","0.000","0.500","0.000","0.000","0.000","0.0000000","0.500","0.500","13442.000","","2020-05-24 16:44:00"
"19300","Guachene","19","Cauca","3.134153295","-76.39218874","0","1","0","1","0","0","0","0","0","","0.000","0.000","0.000","0.000","0.000","0.0000000","1.000","0.000","20020.000","","2020-05-24 16:44:00"
"19455","Miranda","19","Cauca","3.253095405","-76.22886987","0","6","1","5","0","0","0","0","3","0.000","0.000","0.000","0.000","0.000","0.167","0.0311701","0.833","0.000","5347.000","32082.000","2020-05-24 16:44:00"
"19548","Piendamo","19","Cauca","2.641987578","-76.52850592","10","12","0","2","10","0","0","0","5","0.000","0.000","0.833","0.000","0.000","0.000","0.0000000","0.167","0.833","3486.000","","2020-05-24 16:44:00"
"19573","Puerto Tejada","19","Cauca","3.233294127","-76.4173078","4","8","0","4","4","0","0","0","9","0.000","0.000","0.500","0.000","0.000","0.000","0.0000000","0.500","0.500","5224.000","","2020-05-24 16:44:00"
"19698","Santander de Quilichao","19","Cauca","3.016053901","-76.48537029","2","3","1","0","2","0","0","0","32","0.000","0.000","0.667","0.000","0.000","0.333","0.0088495","0.000","0.667","37667.000","113001.000","2020-05-24 16:44:00"
"19807","Timbio","19","Cauca","2.349976425","-76.68423879","1","2","0","1","1","0","0","0","5","0.000","0.000","0.500","0.000","0.000","0.000","0.0000000","0.500","0.500","18144.000","","2020-05-24 16:44:00"
"19809","Timbiqui","19","Cauca","2.777413702","-77.66756524","1","1","0","0","0","1","0","1","4","0.250","1.000","0.000","1.000","0.000","0.000","0.0000000","0.000","1.000","26607.000","","2020-05-24 16:44:00"
"19824","Totoro","19","Cauca","2.510229193","-76.40244251","1","1","0","0","1","0","0","0","4","0.000","0.000","1.000","0.000","0.000","0.000","0.0000000","0.000","1.000","25612.000","","2020-05-24 16:44:00"
"19845","Villa rica","19","Cauca","3.177577926","-76.45787266","0","1","1","0","0","0","0","0","1","0.000","0.000","0.000","0.000","0.000","1.000","0.0468867","0.000","0.000","21328.000","21328.000","2020-05-24 16:44:00"
"20001","Valledupar","20","Cesar","10.46048122","-73.25938931","17","65","6","42","15","2","0","2","1264","0.002","0.031","0.231","0.031","0.000","0.092","0.0112580","0.646","0.262","8199.000","88826.000","2020-05-24 16:44:00"
"20011","Aguachica","20","Cesar","8.310336958","-73.59902859","0","2","1","1","0","0","0","0","185","0.000","0.000","0.000","0.000","0.000","0.500","0.0084280","0.500","0.000","59326.000","118652.000","2020-05-24 16:44:00"
"20013","Agustin Codazzi","20","Cesar","10.04045799","-73.23839617","4","8","0","4","3","1","0","1","59","0.017","0.125","0.375","0.125","0.000","0.000","0.0000000","0.500","0.500","8085.000","","2020-05-24 16:44:00"
"20045","Becerril","20","Cesar","9.704606116","-73.27923167","1","1","0","0","1","0","0","0","7","0.000","0.000","1.000","0.000","0.000","0.000","0.0000000","0.000","1.000","23308.000","","2020-05-24 16:44:00"
"20060","Bosconia","20","Cesar","9.9750947","-73.88876766","1","2","0","1","1","0","0","0","95","0.000","0.000","0.500","0.000","0.000","0.000","0.0000000","0.500","0.500","21663.000","","2020-05-24 16:44:00"
"20178","Chiriguana","20","Cesar","9.361189611","-73.60014444","1","2","0","1","1","0","0","0","37","0.000","0.000","0.500","0.000","0.000","0.000","0.0000000","0.500","0.500","14816.000","","2020-05-24 16:44:00"
"20310","Gonzalez","20","Cesar","8.389604097","-73.38003986","1","1","0","0","0","0","0","0","1","0.000","0.000","0.000","0.000","0.000","0.000","0.0000000","0.000","1.000","4568.000","","2020-05-24 16:44:00"
"20400","La Jagua de Ibirico","20","Cesar","9.5638873","-73.33422791","0","1","0","1","0","0","0","0","32","0.000","0.000","0.000","0.000","0.000","0.000","0.0000000","1.000","0.000","50946.000","","2020-05-24 16:44:00"
"20614","Rio de Oro","20","Cesar","8.292287384","-73.3863952","0","2","2","0","0","0","0","0","4","0.000","0.000","0.000","0.000","0.000","1.000","0.1124038","0.000","0.000","8897.000","8897.000","2020-05-24 16:44:00"
"20621","La Paz","20","Cesar","10.38748954","-73.17136291","0","1","0","1","0","0","0","0","2","0.000","0.000","0.000","0.000","0.000","0.000","0.0000000","1.000","0.000","29603.000","","2020-05-24 16:44:00"
"20750","San Diego","20","Cesar","10.33303286","-73.18121808","0","3","0","3","0","0","0","0","5","0.000","0.000","0.000","0.000","0.000","0.000","0.0000000","1.000","0.000","6823.000","","2020-05-24 16:44:00"
"20770","San Martin","20","Cesar","7.999895459","-73.51097518","0","2","2","0","0","0","0","0","6","0.000","0.000","0.000","0.000","0.000","1.000","0.0695193","0.000","0.000","14385.000","14385.000","2020-05-24 16:44:00"
"23001","Monteria","23","Cordoba","8.745132591","-75.87557791","36","49","1","12","31","4","1","5","1144","0.004","0.102","0.633","0.082","0.020","0.020","0.0019789","0.245","0.735","10313.000","505334.000","2020-05-24 16:44:00"
"23090","Canalete","23","Cordoba","8.786944523","-76.24139652","4","5","0","1","4","0","0","0","3","0.000","0.000","0.800","0.000","0.000","0.000","0.0000000","0.200","0.800","3087.000","","2020-05-24 16:44:00"
"23162","Cerete","23","Cordoba","8.888611812","-75.79621652","2","4","0","2","2","0","0","0","55","0.000","0.000","0.500","0.000","0.000","0.000","0.0000000","0.500","0.500","27102.000","","2020-05-24 16:44:00"
"23182","Chinu","23","Cordoba","9.105294089","-75.39971962","1","1","0","0","1","0","0","0","8","0.000","0.000","1.000","0.000","0.000","0.000","0.0000000","0.000","1.000","48694.000","","2020-05-24 16:44:00"
"23189","Cienaga de Oro","23","Cordoba","8.875502246","-75.62078664","0","1","1","0","0","0","0","0","6","0.000","0.000","0.000","0.000","0.000","1.000","0.0165232","0.000","0.000","60521.000","60521.000","2020-05-24 16:44:00"
"23417","Lorica","23","Cordoba","9.240855143","-75.8159954","4","7","1","2","4","0","0","0","133","0.000","0.000","0.571","0.000","0.000","0.143","0.0086609","0.286","0.571","16494.000","115461.000","2020-05-24 16:44:00"
"23466","Montelibano","23","Cordoba","7.973777244","-75.41681813","0","1","0","1","0","0","0","0","35","0.000","0.000","0.000","0.000","0.000","0.000","0.0000000","1.000","0.000","85885.000","","2020-05-24 16:44:00"
"23660","Sahagun","23","Cordoba","8.943125416","-75.4459203","19","21","1","1","17","1","1","2","120","0.017","0.095","0.810","0.048","0.048","0.048","0.0090717","0.048","0.905","5249.000","110233.000","2020-05-24 16:44:00"
"23807","Tierralta","23","Cordoba","8.170378684","-76.05969659","0","2","1","1","0","0","0","0","14","0.000","0.000","0.000","0.000","0.000","0.500","0.0105067","0.500","0.000","47589.000","95177.000","2020-05-24 16:44:00"
"25001","Agua de dios","25","Cundinamarca","4.375312017","-74.66921778","0","1","1","0","0","0","0","0","6","0.000","0.000","0.000","0.000","0.000","1.000","0.0811359","0.000","0.000","12325.000","12325.000","2020-05-24 16:44:00"
"25035","Anapoima","25","Cundinamarca","4.562956175","-74.52851753","0","2","0","2","0","0","0","0","0","","0.000","0.000","0.000","0.000","0.000","0.0000000","1.000","0.000","8032.000","","2020-05-24 16:44:00"
"25126","Cajica","25","Cundinamarca","4.920809059","-74.02345397","6","21","0","15","6","0","0","0","23","0.000","0.000","0.286","0.000","0.000","0.000","0.0000000","0.714","0.286","4427.000","","2020-05-24 16:44:00"
"25151","Caqueza","25","Cundinamarca","4.40410106","-73.9464742","1","1","0","0","1","0","0","0","26","0.000","0.000","1.000","0.000","0.000","0.000","0.0000000","0.000","1.000","17956.000","","2020-05-24 16:44:00"
"25175","Chia","25","Cundinamarca","4.866065424","-74.05034682","16","35","0","19","16","0","0","0","125","0.000","0.000","0.457","0.000","0.000","0.000","0.0000000","0.543","0.457","4273.000","","2020-05-24 16:44:00"
"25178","Chipaque","25","Cundinamarca","4.442671017","-74.04487563","0","1","0","1","0","0","0","0","0","","0.000","0.000","0.000","0.000","0.000","0.0000000","1.000","0.000","10058.000","","2020-05-24 16:44:00"
"25181","Choachi","25","Cundinamarca","4.527047921","-73.92289448","0","1","0","1","0","0","0","0","0","","0.000","0.000","0.000","0.000","0.000","0.0000000","1.000","0.000","11528.000","","2020-05-24 16:44:00"
"25183","Choconta","25","Cundinamarca","5.145223894","-73.68352344","1","1","0","0","1","0","0","0","17","0.000","0.000","1.000","0.000","0.000","0.000","0.0000000","0.000","1.000","22278.000","","2020-05-24 16:44:00"
"25200","Cogua","25","Cundinamarca","5.061841798","-73.97849669","1","2","0","1","1","0","0","0","0","","0.000","0.500","0.000","0.000","0.000","0.0000000","0.500","0.500","12217.000","","2020-05-24 16:44:00"
"25214","Cota","25","Cundinamarca","4.812987769","-74.10272646","2","12","0","10","2","0","0","0","0","","0.000","0.167","0.000","0.000","0.000","0.0000000","0.833","0.167","3083.000","","2020-05-24 16:44:00"
"25245","El Colegio","25","Cundinamarca","4.579459662","-74.44255169","5","6","0","1","5","0","0","0","8","0.000","0.000","0.833","0.000","0.000","0.000","0.0000000","0.167","0.833","4363.000","","2020-05-24 16:44:00"
"25269","Facatativa","25","Cundinamarca","4.813064178","-74.35022793","14","16","0","2","10","4","0","4","171","0.023","0.250","0.625","0.250","0.000","0.000","0.0000000","0.125","0.875","9749.000","","2020-05-24 16:44:00"
"25279","Fomeque","25","Cundinamarca","4.485474345","-73.89252259","8","8","0","0","8","0","0","0","12","0.000","0.000","1.000","0.000","0.000","0.000","0.0000000","0.000","1.000","1600.000","","2020-05-24 16:44:00"
"25286","Funza","25","Cundinamarca","4.712763015","-74.211525","9","18","0","9","6","1","2","3","10","0.300","0.167","0.333","0.056","0.111","0.000","0.0000000","0.500","0.500","5838.000","","2020-05-24 16:44:00"
"25290","Fusagasuga","25","Cundinamarca","4.338480851","-74.36633393","10","16","1","5","8","1","1","2","92","0.022","0.125","0.500","0.063","0.063","0.063","0.0064875","0.313","0.625","9634.000","154143.000","2020-05-24 16:44:00"
"25295","Gachancipa","25","Cundinamarca","4.990918172","-73.87346922","7","7","0","0","7","0","0","0","0","","0.000","1.000","0.000","0.000","0.000","0.0000000","0.000","1.000","2768.000","","2020-05-24 16:44:00"
"25307","Girardot","25","Cundinamarca","4.313078337","-74.79779459","8","9","1","0","7","1","0","1","264","0.004","0.111","0.778","0.111","0.000","0.111","0.0091081","0.000","0.889","12199.000","109792.000","2020-05-24 16:44:00"
"25320","Guaduas","25","Cundinamarca","5.071870533","-74.60295627","1","1","0","0","1","0","0","0","10","0.000","0.000","1.000","0.000","0.000","0.000","0.0000000","0.000","1.000","33212.000","","2020-05-24 16:44:00"
"25372","Junin","25","Cundinamarca","4.790379974","-73.66292455","1","1","0","0","0","1","0","1","3","0.333","1.000","0.000","1.000","0.000","0.000","0.0000000","0.000","1.000","6074.000","","2020-05-24 16:44:00"
"25377","La Calera","25","Cundinamarca","4.720344521","-73.96974496","1","2","0","1","0","1","0","1","0","","0.500","0.000","0.500","0.000","0.000","0.0000000","0.500","0.500","16459.000","","2020-05-24 16:44:00"
"25386","La Mesa","25","Cundinamarca","4.631044239","-74.46154474","1","1","0","0","1","0","0","0","31","0.000","0.000","1.000","0.000","0.000","0.000","0.0000000","0.000","1.000","36129.000","","2020-05-24 16:44:00"
"25430","Madrid","25","Cundinamarca","4.736129766","-74.26562577","14","19","0","5","13","1","0","1","14","0.071","0.053","0.684","0.053","0.000","0.000","0.0000000","0.263","0.737","6691.000","","2020-05-24 16:44:00"
"25473","Mosquera","25","Cundinamarca","4.711371201","-74.23177508","15","25","1","9","14","0","0","0","8","0.000","0.000","0.560","0.000","0.000","0.040","0.0066372","0.360","0.600","6027.000","150665.000","2020-05-24 16:44:00"
"25488","Nilo","25","Cundinamarca","4.305801421","-74.61996587","2","2","0","0","1","0","1","1","0","","0.500","0.500","0.000","0.500","0.000","0.0000000","0.000","1.000","6014.000","","2020-05-24 16:44:00"
"25513","Pacho","25","Cundinamarca","5.136942297","-74.15611662","1","11","0","10","1","0","0","0","33","0.000","0.000","0.091","0.000","0.000","0.000","0.0000000","0.909","0.091","2346.000","","2020-05-24 16:44:00"
"25645","San Antonio del Tequendama","25","Cundinamarca","4.616138045","-74.35144269","1","1","0","0","0","0","1","1","2","0.500","1.000","0.000","0.000","1.000","0.000","0.0000000","0.000","1.000","12829.000","","2020-05-24 16:44:00"
"25658","San Francisco","25","Cundinamarca","4.97291694","-74.28967198","1","1","0","0","1","0","0","0","0","","0.000","1.000","0.000","0.000","0.000","0.0000000","0.000","1.000","11844.000","","2020-05-24 16:44:00"
"25662","San Juan de Rioseco","25","Cundinamarca","4.847575999","-74.62191472","0","2","0","2","0","0","0","0","3","0.000","0.000","0.000","0.000","0.000","0.000","0.0000000","1.000","0.000","4269.000","","2020-05-24 16:44:00"
"25740","Sibate","25","Cundinamarca","4.489763593","-74.25899225","6","8","0","2","6","0","0","0","3","0.000","0.000","0.750","0.000","0.000","0.000","0.0000000","0.250","0.750","4582.000","","2020-05-24 16:44:00"
"25743","Silvania","25","Cundinamarca","4.381941157","-74.40552821","1","1","0","0","0","1","0","1","6","0.167","1.000","0.000","1.000","0.000","0.000","0.0000000","0.000","1.000","23489.000","","2020-05-24 16:44:00"
"25754","Soacha","25","Cundinamarca","4.585491658","-74.21452753","97","164","3","64","89","7","1","8","194","0.041","0.049","0.543","0.043","0.006","0.018","0.0039812","0.390","0.591","4595.000","251183.000","2020-05-24 16:44:00"
"25758","Sopo","25","Cundinamarca","4.906330809","-73.94577489","3","7","0","4","3","0","0","0","7","0.000","0.000","0.429","0.000","0.000","0.000","0.0000000","0.571","0.429","4143.000","","2020-05-24 16:44:00"
"25769","Subachoque","25","Cundinamarca","4.929079289","-74.17270846","3","6","0","3","3","0","0","0","36","0.000","0.000","0.500","0.000","0.000","0.000","0.0000000","0.500","0.500","2791.000","","2020-05-24 16:44:00"
"25772","Suesca","25","Cundinamarca","5.103516839","-73.79828978","0","4","1","3","0","0","0","0","5","0.000","0.000","0.000","0.000","0.000","0.250","0.0533589","0.750","0.000","4685.000","18741.000","2020-05-24 16:44:00"
"25785","Tabio","25","Cundinamarca","4.917202192","-74.09618339","3","3","0","0","3","0","0","0","7","0.000","0.000","1.000","0.000","0.000","0.000","0.0000000","0.000","1.000","8069.000","","2020-05-24 16:44:00"
"25799","Tenjo","25","Cundinamarca","4.871960537","-74.14395621","3","7","2","2","3","0","0","0","7","0.000","0.000","0.429","0.000","0.000","0.286","0.0830013","0.286","0.429","3442.000","12048.000","2020-05-24 16:44:00"
"25817","Tocancipa","25","Cundinamarca","4.964786354","-73.91209121","5","8","1","2","4","0","1","1","0","","0.125","0.500","0.000","0.125","0.125","0.0218751","0.250","0.625","5714.000","45714.000","2020-05-24 16:44:00"
"25843","Villa de San Diego de Ubate","25","Cundinamarca","5.307540984","-73.81434634","1","3","0","2","1","0","0","0","39","0.000","0.000","0.333","0.000","0.000","0.000","0.0000000","0.667","0.333","15637.000","","2020-05-24 16:44:00"
"25845","Une","25","Cundinamarca","4.402450393","-74.02518226","1","1","0","0","1","0","0","0","0","","0.000","1.000","0.000","0.000","0.000","0.0000000","0.000","1.000","7371.000","","2020-05-24 16:44:00"
"25873","Villapinzon","25","Cundinamarca","5.216438372","-73.59535467","0","6","2","4","0","0","0","0","0","","0.000","0.000","0.000","0.000","0.333","0.1085011","0.667","0.000","3072.000","9217.000","2020-05-24 16:44:00"
"25875","Villeta","25","Cundinamarca","5.012790639","-74.46970495","1","5","0","4","0","1","0","1","20","0.050","0.200","0.000","0.200","0.000","0.000","0.0000000","0.800","0.200","5826.000","","2020-05-24 16:44:00"
"25899","Zipaquira","25","Cundinamarca","5.025471685","-73.99447124","9","20","2","9","9","0","0","0","147","0.000","0.000","0.450","0.000","0.000","0.100","0.0136657","0.450","0.450","7318.000","73176.000","2020-05-24 16:44:00"
"27001","Quibdo","27","Choco","5.692195187","-76.62596936","77","93","4","12","66","9","1","10","168","0.060","0.108","0.710","0.097","0.011","0.043","0.0305752","0.129","0.828","1407.000","32706.000","2020-05-24 16:44:00"
"41001","Neiva","41","Huila","2.935604415","-75.27772259","58","141","5","78","54","2","0","2","566","0.004","0.014","0.383","0.014","0.000","0.035","0.0137209","0.553","0.411","2584.000","72882.000","2020-05-24 16:44:00"
"41006","Acevedo","41","Huila","1.805263228","-75.88853156","1","2","0","1","1","0","0","0","5","0.000","0.000","0.500","0.000","0.000","0.000","0.0000000","0.500","0.500","12649.000","","2020-05-24 16:44:00"
"41013","Agrado","41","Huila","2.259729394","-75.77190358","0","1","0","1","0","0","0","0","2","0.000","0.000","0.000","0.000","0.000","0.000","0.0000000","1.000","0.000","8937.000","","2020-05-24 16:44:00"
"41016","Aipe","41","Huila","3.223597562","-75.23903118","2","4","0","2","2","0","0","0","4","0.000","0.000","0.500","0.000","0.000","0.000","0.0000000","0.500","0.500","4137.000","","2020-05-24 16:44:00"
"41020","Algeciras","41","Huila","2.522447597","-75.31537288","2","5","0","3","2","0","0","0","3","0.000","0.000","0.400","0.000","0.000","0.000","0.0000000","0.600","0.400","4515.000","","2020-05-24 16:44:00"
"41132","Campoalegre","41","Huila","2.686827401","-75.32573546","1","1","0","0","1","0","0","0","2","0.000","0.000","1.000","0.000","0.000","0.000","0.0000000","0.000","1.000","31357.000","","2020-05-24 16:44:00"
"41298","Garzon","41","Huila","2.196994421","-75.62769374","0","1","0","1","0","0","0","0","66","0.000","0.000","0.000","0.000","0.000","0.000","0.0000000","1.000","0.000","74136.000","","2020-05-24 16:44:00"
"41306","Gigante","41","Huila","2.388235625","-75.54121989","4","21","0","17","4","0","0","0","4","0.000","0.000","0.190","0.000","0.000","0.000","0.0000000","0.810","0.190","1177.000","","2020-05-24 16:44:00"
"41359","Isnos","41","Huila","1.92946706","-76.21763745","1","3","2","0","1","0","0","0","3","0.000","0.000","0.333","0.000","0.000","0.667","0.0777635","0.000","0.333","8573.000","12860.000","2020-05-24 16:44:00"
"41396","La Plata","41","Huila","2.389646694","-75.89145131","4","5","0","1","4","0","0","0","26","0.000","0.000","0.800","0.000","0.000","0.000","0.0000000","0.200","0.800","12476.000","","2020-05-24 16:44:00"
"41503","Oporapa","41","Huila","2.025054002","-75.99517781","1","12","0","11","1","0","0","0","3","0.000","0.000","0.083","0.000","0.000","0.000","0.0000000","0.917","0.083","993.000","","2020-05-24 16:44:00"
"41518","Paicol","41","Huila","2.449548949","-75.77299232","0","3","1","2","0","0","0","0","2","0.000","0.000","0.000","0.000","0.000","0.333","0.1487652","0.667","0.000","2241.000","6722.000","2020-05-24 16:44:00"
"41524","Palermo","41","Huila","2.888406236","-75.43371912","0","6","0","6","0","0","0","0","4","0.000","0.000","0.000","0.000","0.000","0.000","0.0000000","1.000","0.000","4480.000","","2020-05-24 16:44:00"
"41551","Pitalito","41","Huila","1.852578355","-76.0487449","10","18","0","8","7","1","0","1","81","0.012","0.056","0.389","0.056","0.000","0.000","0.0000000","0.444","0.556","7146.000","","2020-05-24 16:44:00"
"41660","Saladoblanco","41","Huila","1.992494881","-76.04414126","1","1","0","0","1","0","0","0","4","0.000","0.000","1.000","0.000","0.000","0.000","0.0000000","0.000","1.000","10567.000","","2020-05-24 16:44:00"
"41668","San Agustin","41","Huila","1.881081298","-76.27035968","0","3","0","3","0","0","0","0","7","0.000","0.000","0.000","0.000","0.000","0.000","0.0000000","1.000","0.000","11242.000","","2020-05-24 16:44:00"
"41807","Timana","41","Huila","1.974224443","-75.932087","1","6","1","4","1","0","0","0","4","0.000","0.000","0.167","0.000","0.000","0.167","0.0453104","0.667","0.167","3678.000","22070.000","2020-05-24 16:44:00"
"44001","Riohacha","44","La Guajira","11.52875138","-72.91148891","6","13","1","6","5","1","0","1","289","0.003","0.077","0.385","0.077","0.000","0.077","0.0049544","0.462","0.462","15526.000","201839.000","2020-05-24 16:44:00"
"44035","Albania","44","La Guajira","11.15748865","-72.59852163","3","4","0","1","3","0","0","0","2","0.000","0.000","0.750","0.000","0.000","0.000","0.0000000","0.250","0.750","8066.000","","2020-05-24 16:44:00"
"44090","Dibulla","44","La Guajira","11.2715694","-73.30761979","2","2","0","0","2","0","0","0","6","0.000","0.000","1.000","0.000","0.000","0.000","0.0000000","0.000","1.000","21030.000","","2020-05-24 16:44:00"
"44098","Distraccion","44","La Guajira","10.89847259","-72.88739268","2","2","0","0","2","0","0","0","40","0.000","0.000","1.000","0.000","0.000","0.000","0.0000000","0.000","1.000","7124.000","","2020-05-24 16:44:00"
"44279","Fonseca","44","La Guajira","10.88430067","-72.84666224","2","2","0","0","1","0","1","1","5","0.200","0.500","0.500","0.000","0.500","0.000","0.0000000","0.000","1.000","22272.000","","2020-05-24 16:44:00"
"44430","Maicao","44","La Guajira","11.37832678","-72.24190502","15","18","1","2","13","1","0","1","232","0.004","0.056","0.722","0.056","0.000","0.056","0.0054033","0.111","0.833","10282.000","185072.000","2020-05-24 16:44:00"
"44650","San Juan del Cesar","44","La Guajira","10.76957868","-73.00059321","3","7","1","3","3","0","0","0","136","0.000","0.000","0.429","0.000","0.000","0.143","0.0201678","0.429","0.429","7083.000","49584.000","2020-05-24 16:44:00"
"47001","Santa Marta","47","Magdalena","11.2294335","-74.19089412","154","273","21","98","143","10","0","10","989","0.010","0.037","0.524","0.037","0.000","0.077","0.0389891","0.359","0.564","1973.000","25648.000","2020-05-24 16:44:00"
"47053","Aracataca","47","Magdalena","10.58980001","-74.18676284","1","1","0","0","1","0","0","0","7","0.000","0.000","1.000","0.000","0.000","0.000","0.0000000","0.000","1.000","41492.000","","2020-05-24 16:44:00"
"47189","Cienaga","47","Magdalena","11.00665688","-74.24128616","39","82","2","41","36","3","0","3","102","0.029","0.037","0.439","0.037","0.000","0.024","0.0160851","0.500","0.476","1516.000","62170.000","2020-05-24 16:44:00"
"47245","El Banco","47","Magdalena","9.008733009","-73.97428121","6","7","1","0","6","0","0","0","86","0.000","0.000","0.857","0.000","0.000","0.143","0.0143470","0.000","0.857","9957.000","69701.000","2020-05-24 16:44:00"
"47268","El Reten","47","Magdalena","10.61066766","-74.2684561","2","2","0","0","2","0","0","0","3","0.000","0.000","1.000","0.000","0.000","0.000","0.0000000","0.000","1.000","10526.000","","2020-05-24 16:44:00"
"47288","Fundacion","47","Magdalena","10.5140924","-74.19134346","3","3","0","0","3","0","0","0","117","0.000","0.000","1.000","0.000","0.000","0.000","0.0000000","0.000","1.000","23497.000","","2020-05-24 16:44:00"
"47570","Puebloviejo","47","Magdalena","10.99482965","-74.28248423","95","109","8","6","90","5","0","5","5","1.000","0.046","0.826","0.046","0.000","0.073","0.2485398","0.055","0.872","295.000","4024.000","2020-05-24 16:44:00"
"47745","Sitionuevo","47","Magdalena","10.77540964","-74.72016921","4","4","0","0","4","0","0","0","5","0.000","0.000","1.000","0.000","0.000","0.000","0.0000000","0.000","1.000","7290.000","","2020-05-24 16:44:00"
"47980","Zona Bananera","47","Magdalena","10.76302682","-74.14008184","8","11","2","1","6","2","0","2","7","0.286","0.182","0.545","0.182","0.000","0.182","0.0270515","0.091","0.727","6721.000","36967.000","2020-05-24 16:44:00"
"50001","Villavicencio","50","Meta","4.1238615","-73.62709204","846","932","7","79","843","1","1","2","793","0.003","0.002","0.905","0.001","0.001","0.008","0.0128369","0.085","0.908","585.000","77900.000","2020-05-24 16:44:00"
"50006","Acacias","50","Meta","3.990120663","-73.76593665","6","15","0","9","6","0","0","0","11","0.000","0.000","0.400","0.000","0.000","0.000","0.0000000","0.600","0.400","6122.000","","2020-05-24 16:44:00"
"50124","Cabuyaro","50","Meta","4.285923848","-72.79197878","1","1","0","0","0","1","0","1","4","0.250","1.000","0.000","1.000","0.000","0.000","0.0000000","0.000","1.000","6192.000","","2020-05-24 16:44:00"
"50313","Granada","50","Meta","3.546694724","-73.70571533","5","8","0","3","4","1","0","1","87","0.011","0.125","0.500","0.125","0.000","0.000","0.0000000","0.375","0.625","8822.000","","2020-05-24 16:44:00"
"50568","Puerto Gaitan","50","Meta","4.314487455","-72.08307894","1","1","0","0","1","0","0","0","13","0.000","0.000","1.000","0.000","0.000","0.000","0.0000000","0.000","1.000","43605.000","","2020-05-24 16:44:00"
"50573","Puerto Lopez","50","Meta","4.093406425","-72.95743626","2","3","1","0","1","0","1","1","7","0.143","0.333","0.333","0.000","0.333","0.333","0.0329902","0.000","0.667","10104.000","30312.000","2020-05-24 16:44:00"
"50606","Restrepo","50","Meta","4.260731994","-73.56460418","2","4","0","2","1","1","0","1","6","0.167","0.250","0.250","0.250","0.000","0.000","0.0000000","0.500","0.500","4665.000","","2020-05-24 16:44:00"
"50680","San Carlos de Guaroa","50","Meta","3.71053664","-73.24140912","1","1","0","0","0","1","0","1","5","0.200","1.000","0.000","1.000","0.000","0.000","0.0000000","0.000","1.000","12875.000","","2020-05-24 16:44:00"
"50683","San Juan de Arama","50","Meta","3.373727874","-73.87583154","3","3","0","0","3","0","0","0","5","0.000","0.000","1.000","0.000","0.000","0.000","0.0000000","0.000","1.000","2955.000","","2020-05-24 16:44:00"
"52001","Pasto","52","Narino","1.212124365","-77.27857635","49","68","6","13","44","3","1","4","893","0.004","0.059","0.647","0.044","0.015","0.088","0.0152832","0.191","0.721","5773.000","65432.000","2020-05-24 16:44:00"
"52022","Aldana","52","Narino","0.882181195","-77.70035656","1","1","0","0","1","0","0","0","0","","0.000","1.000","0.000","0.000","0.000","0.0000000","0.000","1.000","7361.000","","2020-05-24 16:44:00"
"52036","Ancuya","52","Narino","1.263299977","-77.51451329","1","1","0","0","1","0","0","0","0","","0.000","1.000","0.000","0.000","0.000","0.0000000","0.000","1.000","8603.000","","2020-05-24 16:44:00"
"52083","Belen","52","Narino","1.595676066","-77.01566573","1","1","0","0","1","0","0","0","0","","0.000","1.000","0.000","0.000","0.000","0.0000000","0.000","1.000","6301.000","","2020-05-24 16:44:00"
"52210","Contadero","52","Narino","0.910457863","-77.54940902","3","4","0","1","3","0","0","0","1","0.000","0.000","0.750","0.000","0.000","0.000","0.0000000","0.250","0.750","1809.000","","2020-05-24 16:44:00"
"52224","Cuaspud","52","Narino","0.862978103","-77.72894683","2","6","0","4","2","0","0","0","0","","0.000","0.333","0.000","0.000","0.000","0.0000000","0.667","0.333","1533.000","","2020-05-24 16:44:00"
"52227","Cumbal","52","Narino","0.906185361","-77.79227662","1","4","0","3","1","0","0","0","5","0.000","0.000","0.250","0.000","0.000","0.000","0.0000000","0.750","0.250","9258.000","","2020-05-24 16:44:00"
"52233","Cumbitara","52","Narino","1.646845971","-77.57814673","0","1","0","1","0","0","0","0","0","","0.000","0.000","0.000","0.000","0.000","0.0000000","1.000","0.000","5768.000","","2020-05-24 16:44:00"
"52317","Guachucal","52","Narino","0.959743484","-77.73158986","3","3","0","0","3","0","0","0","4","0.000","0.000","1.000","0.000","0.000","0.000","0.0000000","0.000","1.000","6446.000","","2020-05-24 16:44:00"
"52356","Ipiales","52","Narino","0.827734241","-77.64640075","82","123","3","38","70","11","1","12","105","0.114","0.098","0.569","0.089","0.008","0.024","0.0258987","0.309","0.667","942.000","38612.000","2020-05-24 16:44:00"
"52378","La Cruz","52","Narino","1.601339314","-76.97053174","1","1","0","0","1","0","0","0","7","0.000","0.000","1.000","0.000","0.000","0.000","0.0000000","0.000","1.000","18643.000","","2020-05-24 16:44:00"
"52381","La Florida","52","Narino","1.299192232","-77.40643084","0","1","0","1","0","0","0","0","0","","0.000","0.000","0.000","0.000","0.000","0.0000000","1.000","0.000","9911.000","","2020-05-24 16:44:00"
"52390","La Tola","52","Narino","2.398212191","-78.19039205","3","3","0","0","3","0","0","0","1","0.000","0.000","1.000","0.000","0.000","0.000","0.0000000","0.000","1.000","2487.000","","2020-05-24 16:44:00"
"52399","La Union","52","Narino","1.600268613","-77.13115435","0","1","0","1","0","0","0","0","22","0.000","0.000","0.000","0.000","0.000","0.000","0.0000000","1.000","0.000","31751.000","","2020-05-24 16:44:00"
"52411","Linares","52","Narino","1.351145073","-77.52193996","1","1","0","0","0","0","0","0","1","0.000","0.000","0.000","0.000","0.000","0.000","0.0000000","0.000","1.000","10012.000","","2020-05-24 16:44:00"
"52427","Magui","52","Narino","1.765313671","-78.18106078","0","1","1","0","0","0","0","0","0","","0.000","0.000","0.000","0.000","1.000","0.0391497","0.000","0.000","25543.000","25543.000","2020-05-24 16:44:00"
"52435","Mallama","52","Narino","1.14083897","-77.86442829","1","1","0","0","1","0","0","0","1","0.000","0.000","1.000","0.000","0.000","0.000","0.0000000","0.000","1.000","8946.000","","2020-05-24 16:44:00"
"52473","Mosquera","52","Narino","2.507116414","-78.45298541","13","15","2","0","11","2","0","2","0","","0.133","0.733","0.133","0.000","0.133","0.1589572","0.000","0.867","839.000","6291.000","2020-05-24 16:44:00"
"52560","Potosi","52","Narino","0.806340417","-77.57279178","6","6","0","0","4","2","0","2","0","","0.333","0.667","0.333","0.000","0.000","0.0000000","0.000","1.000","1676.000","","2020-05-24 16:44:00"
"52835","San Andres de Tumaco","52","Narino","1.80711725","-78.76385415","431","464","18","15","387","43","1","44","123","0.358","0.095","0.834","0.093","0.002","0.039","0.0700247","0.032","0.929","554.000","14281.000","2020-05-24 16:44:00"
"52838","Tuquerres","52","Narino","1.085193359","-77.61688638","2","3","1","0","1","1","0","1","25","0.040","0.333","0.333","0.333","0.000","0.333","0.0224341","0.000","0.667","14858.000","44575.000","2020-05-24 16:44:00"
"54001","Cucuta","54","Norte de Santander","7.905306295","-72.5082562","16","88","9","63","14","1","1","2","752","0.003","0.023","0.159","0.011","0.011","0.102","0.0115814","0.716","0.182","8831.000","86345.000","2020-05-24 16:44:00"
"54003","Abrego","54","Norte de Santander","8.081784141","-73.2217344","0","1","1","0","0","0","0","0","4","0.000","0.000","0.000","0.000","0.000","1.000","0.0294716","0.000","0.000","33931.000","33931.000","2020-05-24 16:44:00"
"54125","Cacota","54","Norte de Santander","7.268705462","-72.64205884","0","1","0","1","0","0","0","0","0","","0.000","0.000","0.000","0.000","0.000","0.0000000","1.000","0.000","2914.000","","2020-05-24 16:44:00"
"54261","El Zulia","54","Norte de Santander","7.938229487","-72.60466818","1","1","0","0","1","0","0","0","5","0.000","0.000","1.000","0.000","0.000","0.000","0.0000000","0.000","1.000","29392.000","","2020-05-24 16:44:00"
"54405","Los Patios","54","Norte de Santander","7.833256289","-72.50571256","2","4","0","2","2","0","0","0","23","0.000","0.000","0.500","0.000","0.000","0.000","0.0000000","0.500","0.500","24305.000","","2020-05-24 16:44:00"
"54498","Ocana","54","Norte de Santander","8.247453792","-73.3558144","4","10","2","4","4","0","0","0","149","0.000","0.000","0.400","0.000","0.000","0.200","0.0154669","0.400","0.400","12931.000","64654.000","2020-05-24 16:44:00"
"54518","Pamplona","54","Norte de Santander","7.37285018","-72.64768144","3","3","0","0","3","0","0","0","37","0.000","0.000","1.000","0.000","0.000","0.000","0.0000000","0.000","1.000","17970.000","","2020-05-24 16:44:00"
"54553","Puerto Santander","54","Norte de Santander","8.360945615","-72.41031378","0","1","0","1","0","0","0","0","0","","0.000","0.000","0.000","0.000","0.000","0.0000000","1.000","0.000","9262.000","","2020-05-24 16:44:00"
"54810","Tibu","54","Norte de Santander","8.639548853","-72.73591863","3","4","0","1","2","1","0","1","9","0.111","0.250","0.500","0.250","0.000","0.000","0.0000000","0.250","0.750","14680.000","","2020-05-24 16:44:00"
"54820","Toledo","54","Norte de Santander","7.310031828","-72.48510732","0","1","0","1","0","0","0","0","3","0.000","0.000","0.000","0.000","0.000","0.000","0.0000000","1.000","0.000","16325.000","","2020-05-24 16:44:00"
"54874","Villa del Rosario","54","Norte de Santander","7.847487432","-72.47006734","1","5","0","4","1","0","0","0","4","0.000","0.000","0.200","0.000","0.000","0.000","0.0000000","0.800","0.200","22251.000","","2020-05-24 16:44:00"
"63001","Armenia","63","Quindio","4.535989502","-75.68075076","12","59","2","45","12","0","0","0","443","0.000","0.000","0.203","0.000","0.000","0.034","0.0065625","0.763","0.203","5165.000","152382.000","2020-05-24 16:44:00"
"63130","Calarca","63","Quindio","4.515281846","-75.64908836","3","11","0","8","3","0","0","0","25","0.000","0.000","0.273","0.000","0.000","0.000","0.0000000","0.727","0.273","6808.000","","2020-05-24 16:44:00"
"63190","Circasia","63","Quindio","4.617792043","-75.63652823","0","3","0","3","0","0","0","0","6","0.000","0.000","0.000","0.000","0.000","0.000","0.0000000","1.000","0.000","9687.000","","2020-05-24 16:44:00"
"63212","Cordoba","63","Quindio","4.392485449","-75.68786636","0","1","0","1","0","0","0","0","0","","0.000","0.000","0.000","0.000","0.000","0.0000000","1.000","0.000","5739.000","","2020-05-24 16:44:00"
"63272","Filandia","63","Quindio","4.674145572","-75.65868588","1","2","0","1","0","0","1","1","61","0.016","0.500","0.000","0.000","0.500","0.000","0.0000000","0.500","0.500","6130.000","","2020-05-24 16:44:00"
"63401","La Tebaida","63","Quindio","4.453650416","-75.78646018","1","4","0","3","1","0","0","0","8","0.000","0.000","0.250","0.000","0.000","0.000","0.0000000","0.750","0.250","8701.000","","2020-05-24 16:44:00"
"63470","Montenegro","63","Quindio","4.562959743","-75.75181224","2","6","1","3","1","0","1","1","7","0.143","0.167","0.167","0.000","0.167","0.167","0.0266539","0.500","0.333","6253.000","37518.000","2020-05-24 16:44:00"
"63594","Quimbaya","63","Quindio","4.624386086","-75.7650742","3","3","0","0","3","0","0","0","7","0.000","0.000","1.000","0.000","0.000","0.000","0.0000000","0.000","1.000","10381.000","","2020-05-24 16:44:00"
"66001","Pereira","66","Risaralda","4.805680265","-75.71712306","22","168","7","139","22","0","0","0","770","0.000","0.000","0.131","0.000","0.000","0.042","0.0146742","0.827","0.131","2839.000","68147.000","2020-05-24 16:44:00"
"66170","Dosquebradas","66","Risaralda","4.827187832","-75.68246912","9","68","1","58","9","0","0","0","34","0.000","0.000","0.132","0.000","0.000","0.015","0.0044686","0.853","0.132","3291.000","223782.000","2020-05-24 16:44:00"
"66400","La Virginia","66","Risaralda","4.898666957","-75.88405843","0","2","0","2","0","0","0","0","17","0.000","0.000","0.000","0.000","0.000","0.000","0.0000000","1.000","0.000","13991.000","","2020-05-24 16:44:00"
"66682","Santa Rosa de Cabal","66","Risaralda","4.867526454","-75.62001066","1","4","0","3","1","0","0","0","8","0.000","0.000","0.250","0.000","0.000","0.000","0.0000000","0.750","0.250","19843.000","","2020-05-24 16:44:00"
"68001","Bucaramanga","68","Santander","7.116267276","-73.13259818","2","22","1","19","2","0","0","0","980","0.000","0.000","0.091","0.000","0.000","0.045","0.0016463","0.864","0.091","27610.000","607428.000","2020-05-24 16:44:00"
"68081","Barrancabermeja","68","Santander","7.064963864","-73.84995698","12","18","1","5","12","0","0","0","199","0.000","0.000","0.667","0.000","0.000","0.056","0.0047454","0.278","0.667","11707.000","210729.000","2020-05-24 16:44:00"
"68190","Cimitarra","68","Santander","6.320681867","-73.95258212","0","2","0","2","0","0","0","0","10","0.000","0.000","0.000","0.000","0.000","0.000","0.0000000","1.000","0.000","17202.000","","2020-05-24 16:44:00"
"68207","Concepcion","68","Santander","6.768836528","-72.69459425","0","1","0","1","0","0","0","0","4","0.000","0.000","0.000","0.000","0.000","0.000","0.0000000","1.000","0.000","5757.000","","2020-05-24 16:44:00"
"68229","Curiti","68","Santander","6.605106785","-73.06939052","0","1","0","1","0","0","0","0","5","0.000","0.000","0.000","0.000","0.000","0.000","0.0000000","1.000","0.000","13283.000","","2020-05-24 16:44:00"
"68276","Floridablanca","68","Santander","7.072360403","-73.09903262","0","9","1","8","0","0","0","0","403","0.000","0.000","0.000","0.000","0.000","0.111","0.0032478","0.889","0.000","34211.000","307896.000","2020-05-24 16:44:00"
"68547","Piedecuesta","68","Santander","6.997475804","-73.05466085","2","3","0","1","1","1","0","1","184","0.005","0.333","0.333","0.333","0.000","0.000","0.0000000","0.333","0.667","60986.000","","2020-05-24 16:44:00"
"68755","Socorro","68","Santander","6.463855516","-73.26119642","1","1","0","0","1","0","0","0","62","0.000","0.000","1.000","0.000","0.000","0.000","0.0000000","0.000","1.000","33628.000","","2020-05-24 16:44:00"
"68872","Villanueva","68","Santander","6.670077672","-73.17430669","0","1","0","1","0","0","0","0","11","0.000","0.000","0.000","0.000","0.000","0.000","0.0000000","1.000","0.000","7982.000","","2020-05-24 16:44:00"
"70001","Sincelejo","70","Sucre","9.302333104","-75.39548356","2","3","0","1","2","0","0","0","817","0.000","0.000","0.667","0.000","0.000","0.000","0.0000000","0.333","0.667","97984.000","","2020-05-24 16:44:00"
"70418","Los Palmitos","70","Sucre","9.380228408","-75.26874889","1","1","0","0","1","0","0","0","3","0.000","0.000","1.000","0.000","0.000","0.000","0.0000000","0.000","1.000","23884.000","","2020-05-24 16:44:00"
"70473","Morroa","70","Sucre","9.331319381","-75.30619978","1","1","0","0","1","0","0","0","17","0.000","0.000","1.000","0.000","0.000","0.000","0.0000000","0.000","1.000","15858.000","","2020-05-24 16:44:00"
"73001","Ibague","73","Tolima","4.439608991","-75.19371478","55","149","3","91","53","1","1","2","587","0.003","0.013","0.356","0.007","0.007","0.020","0.0055443","0.611","0.369","3632.000","180367.000","2020-05-24 16:44:00"
"73268","Espinal","73","Tolima","4.151314221","-74.88544976","8","11","1","2","7","1","0","1","91","0.011","0.091","0.636","0.091","0.000","0.091","0.0140815","0.182","0.727","6456.000","71015.000","2020-05-24 16:44:00"
"73275","Flandes","73","Tolima","4.27637165","-74.81876746","2","2","0","0","1","0","1","1","2","0.500","0.500","0.500","0.000","0.500","0.000","0.0000000","0.000","1.000","14308.000","","2020-05-24 16:44:00"
"73319","Guamo","73","Tolima","4.031003906","-74.96812715","1","2","1","0","1","0","0","0","9","0.000","0.000","0.500","0.000","0.000","0.500","0.0305139","0.000","0.500","16386.000","32772.000","2020-05-24 16:44:00"
"73349","Honda","73","Tolima","5.201508899","-74.74157797","2","2","0","0","2","0","0","0","41","0.000","0.000","1.000","0.000","0.000","0.000","0.0000000","0.000","1.000","12271.000","","2020-05-24 16:44:00"
"73411","Libano","73","Tolima","4.923442374","-75.06342093","4","4","0","0","4","0","0","0","55","0.000","0.000","1.000","0.000","0.000","0.000","0.0000000","0.000","1.000","9058.000","","2020-05-24 16:44:00"
"73449","Melgar","73","Tolima","4.208154892","-74.6298504","4","9","2","3","4","0","0","0","4","0.000","0.000","0.444","0.000","0.000","0.222","0.0530757","0.333","0.444","4187.000","18841.000","2020-05-24 16:44:00"
"73547","Piedras","73","Tolima","4.543908286","-74.87807399","1","1","0","0","1","0","0","0","1","0.000","0.000","1.000","0.000","0.000","0.000","0.0000000","0.000","1.000","6761.000","","2020-05-24 16:44:00"
"73555","Planadas","73","Tolima","3.19766147","-75.64396147","1","1","0","0","1","0","0","0","8","0.000","0.000","1.000","0.000","0.000","0.000","0.0000000","0.000","1.000","25799.000","","2020-05-24 16:44:00"
"73624","Rovira","73","Tolima","4.238932685","-75.2408683","2","2","0","0","2","0","0","0","5","0.000","0.000","1.000","0.000","0.000","0.000","0.0000000","0.000","1.000","10746.000","","2020-05-24 16:44:00"
"73678","San Luis","73","Tolima","4.133720614","-75.09578719","5","5","0","0","5","0","0","0","2","0.000","0.000","1.000","0.000","0.000","0.000","0.0000000","0.000","1.000","2690.000","","2020-05-24 16:44:00"
"76001","Cali","76","Valle del Cauca","3.414414305","-76.52156515","1249","1911","90","572","1029","176","44","220","2919","0.075","0.115","0.538","0.092","0.023","0.047","0.0399535","0.299","0.654","1179.000","25029.000","2020-05-24 16:44:00"
"76020","Alcala","76","Valle del Cauca","4.674989542","-75.77981387","0","1","1","0","0","0","0","0","4","0.000","0.000","0.000","0.000","0.000","1.000","0.0699545","0.000","0.000","14295.000","14295.000","2020-05-24 16:44:00"
"76036","Andalucia","76","Valle del Cauca","4.171724416","-76.1679212","2","2","0","0","1","1","0","1","5","0.200","0.500","0.500","0.500","0.000","0.000","0.0000000","0.000","1.000","11297.000","","2020-05-24 16:44:00"
"76109","Buenaventura","76","Valle del Cauca","3.875802437","-77.0117402","194","232","17","21","155","33","6","39","125","0.312","0.168","0.668","0.142","0.026","0.073","0.0545174","0.091","0.836","1344.000","18343.000","2020-05-24 16:44:00"
"76111","Guadalajara de Buga","76","Valle del Cauca","3.900823544","-76.29896113","7","12","0","5","7","0","0","0","165","0.000","0.000","0.583","0.000","0.000","0.000","0.0000000","0.417","0.583","10745.000","","2020-05-24 16:44:00"
"76113","Bugalagrande","76","Valle del Cauca","4.208331592","-76.15680774","1","1","0","0","1","0","0","0","5","0.000","0.000","1.000","0.000","0.000","0.000","0.0000000","0.000","1.000","24465.000","","2020-05-24 16:44:00"
"76126","Calima","76","Valle del Cauca","3.933524463","-76.48439175","0","1","0","1","0","0","0","0","5","0.000","0.000","0.000","0.000","0.000","0.000","0.0000000","1.000","0.000","18266.000","","2020-05-24 16:44:00"
"76130","Candelaria","76","Valle del Cauca","3.407766466","-76.34642891","13","14","0","1","13","0","0","0","8","0.000","0.000","0.929","0.000","0.000","0.000","0.0000000","0.071","0.929","6729.000","","2020-05-24 16:44:00"
"76147","Cartago","76","Valle del Cauca","4.758755098","-75.94226404","6","15","0","9","6","0","0","0","96","0.000","0.000","0.400","0.000","0.000","0.000","0.0000000","0.600","0.400","9153.000","","2020-05-24 16:44:00"
"76233","Dagua","76","Valle del Cauca","3.657308485","-76.68887101","7","8","1","0","7","0","0","0","5","0.000","0.000","0.875","0.000","0.000","0.125","0.0204019","0.000","0.875","6127.000","49015.000","2020-05-24 16:44:00"
"76248","El Cerrito","76","Valle del Cauca","3.684258941","-76.31172554","10","18","1","7","8","2","0","2","9","0.222","0.111","0.444","0.111","0.000","0.056","0.0175030","0.389","0.556","3174.000","57133.000","2020-05-24 16:44:00"
"76250","El Dovio","76","Valle del Cauca","4.510452885","-76.23708411","0","4","1","3","0","0","0","0","3","0.000","0.000","0.000","0.000","0.000","0.250","0.1160631","0.750","0.000","2154.000","8616.000","2020-05-24 16:44:00"
"76275","Florida","76","Valle del Cauca","3.323918106","-76.23450174","5","11","1","5","5","0","0","0","19","0.000","0.000","0.455","0.000","0.000","0.091","0.0172530","0.455","0.455","5269.000","57961.000","2020-05-24 16:44:00"
"76306","Ginebra","76","Valle del Cauca","3.724181147","-76.26806789","0","1","1","0","0","0","0","0","4","0.000","0.000","0.000","0.000","0.000","1.000","0.0433915","0.000","0.000","23046.000","23046.000","2020-05-24 16:44:00"
"76318","Guacari","76","Valle del Cauca","3.762909008","-76.33136735","1","2","0","1","1","0","0","0","5","0.000","0.000","0.500","0.000","0.000","0.000","0.0000000","0.500","0.500","16789.000","","2020-05-24 16:44:00"
"76364","Jamundi","76","Valle del Cauca","3.26227576","-76.54245873","25","38","1","12","20","5","0","5","64","0.078","0.132","0.526","0.132","0.000","0.026","0.0059828","0.316","0.658","4399.000","167147.000","2020-05-24 16:44:00"
"76400","La Union","76","Valle del Cauca","4.533783288","-76.09960718","2","3","0","1","2","0","0","0","7","0.000","0.000","0.667","0.000","0.000","0.000","0.0000000","0.333","0.667","11498.000","","2020-05-24 16:44:00"
"76520","Palmira","76","Valle del Cauca","3.532349153","-76.29858255","23","61","4","34","18","5","0","5","224","0.022","0.082","0.295","0.082","0.000","0.066","0.0112903","0.557","0.377","5808.000","88571.000","2020-05-24 16:44:00"
"76563","Pradera","76","Valle del Cauca","3.419827409","-76.24182023","4","6","2","0","4","0","0","0","8","0.000","0.000","0.667","0.000","0.000","0.333","0.0415239","0.000","0.667","8028.000","24083.000","2020-05-24 16:44:00"
"76606","Restrepo","76","Valle del Cauca","3.821348382","-76.52311704","0","1","0","1","0","0","0","0","3","0.000","0.000","0.000","0.000","0.000","0.000","0.0000000","1.000","0.000","15304.000","","2020-05-24 16:44:00"
"76622","Roldanillo","76","Valle del Cauca","4.4135962","-76.15228663","0","1","1","0","0","0","0","0","15","0.000","0.000","0.000","0.000","0.000","1.000","0.0271843","0.000","0.000","36786.000","36786.000","2020-05-24 16:44:00"
"76670","San Pedro","76","Valle del Cauca","3.994992607","-76.22853779","1","3","0","2","1","0","0","0","5","0.000","0.000","0.333","0.000","0.000","0.000","0.0000000","0.667","0.333","5734.000","","2020-05-24 16:44:00"
"76828","Trujillo","76","Valle del Cauca","4.212050806","-76.31880894","0","3","0","3","0","0","0","0","4","0.000","0.000","0.000","0.000","0.000","0.000","0.0000000","1.000","0.000","6327.000","","2020-05-24 16:44:00"
"76834","Tulua","76","Valle del Cauca","4.085261239","-76.19769968","11","28","3","14","9","2","0","2","266","0.008","0.071","0.321","0.071","0.000","0.107","0.0137104","0.500","0.393","7815.000","72937.000","2020-05-24 16:44:00"
"76845","Ulloa","76","Valle del Cauca","4.702513911","-75.73774747","0","1","0","1","0","0","0","0","3","0.000","0.000","0.000","0.000","0.000","0.000","0.0000000","1.000","0.000","5381.000","","2020-05-24 16:44:00"
"76869","Vijes","76","Valle del Cauca","3.698587929","-76.44196521","1","6","0","5","1","0","0","0","4","0.000","0.000","0.167","0.000","0.000","0.000","0.0000000","0.833","0.167","2147.000","","2020-05-24 16:44:00"
"76890","Yotoco","76","Valle del Cauca","3.861214584","-76.38247445","2","3","0","1","2","0","0","0","3","0.000","0.000","0.667","0.000","0.000","0.000","0.0000000","0.333","0.667","5399.000","","2020-05-24 16:44:00"
"76892","Yumbo","76","Valle del Cauca","3.528968908","-76.49981978","21","38","0","17","18","3","0","3","12","0.250","0.079","0.474","0.079","0.000","0.000","0.0000000","0.447","0.553","2897.000","","2020-05-24 16:44:00"
"81001","Arauca","81","Arauca","7.077358544","-70.74635031","1","1","0","0","1","0","0","0","63","0.000","0.000","1.000","0.000","0.000","0.000","0.0000000","0.000","1.000","96814.000","","2020-05-24 16:44:00"
"85001","Yopal","85","Casanare","5.327612651","-72.39691516","10","23","0","13","10","0","0","0","219","0.000","0.000","0.435","0.000","0.000","0.000","0.0000000","0.565","0.435","7726.000","","2020-05-24 16:44:00"
"85250","Paz de Ariporo","85","Casanare","5.88003657","-71.89092396","0","1","0","1","0","0","0","0","5","0.000","0.000","0.000","0.000","0.000","0.000","0.0000000","1.000","0.000","37347.000","","2020-05-24 16:44:00"
"85440","Villanueva","85","Casanare","4.609799108","-72.92746843","2","2","0","0","2","0","0","0","5","0.000","0.000","1.000","0.000","0.000","0.000","0.0000000","0.000","1.000","18092.000","","2020-05-24 16:44:00"
"86568","Puerto Asis","86","Putumayo","0.505046722","-76.49727285","1","1","0","0","1","0","0","0","69","0.000","0.000","1.000","0.000","0.000","0.000","0.0000000","0.000","1.000","67211.000","","2020-05-24 16:44:00"
"86571","Puerto Guzman","86","Putumayo","0.962922439","-76.40852154","1","1","0","0","1","0","0","0","4","0.000","0.000","1.000","0.000","0.000","0.000","0.0000000","0.000","1.000","36665.000","","2020-05-24 16:44:00"
"86573","Puerto Leguizamo","86","Putumayo","-0.191872849","-74.78247103","1","1","0","0","0","1","0","1","12","0.083","1.000","0.000","1.000","0.000","0.000","0.0000000","0.000","1.000","29494.000","","2020-05-24 16:44:00"
"88001","San Andres","88","Archipielago de San Andres Providencia y Santa Catalina","12.58301369","-81.69606298","5","11","0","6","5","0","0","0","52","0.000","0.000","0.455","0.000","0.000","0.000","0.0000000","0.545","0.455","5221.000","","2020-05-24 16:44:00"
"88564","Providencia","88","Archipielago de San Andres Providencia y Santa Catalina","13.37009985","-81.3709116","3","3","0","0","3","0","0","0","6","0.000","0.000","1.000","0.000","0.000","0.000","0.0000000","0.000","1.000","2086.000","","2020-05-24 16:44:00"
"91001","Leticia","91","Amazonas","-4.199836935","-69.94142671","1292","1410","50","68","1242","45","4","49","70","0.700","0.035","0.881","0.032","0.003","0.035","1.0052878","0.048","0.916","35.000","995.000","2020-05-24 16:44:00"
"91540","Puerto Narino","91","Amazonas","-3.780447632","-70.36451835","39","40","1","0","39","0","0","0","2","0.000","0.000","0.975","0.000","0.000","0.025","0.0976658","0.000","0.975","256.000","10239.000","2020-05-24 16:44:00"
"97001","Mitu","97","Vaupes","1.251190563","-70.23475052","11","11","0","0","11","0","0","0","5","0.000","0.000","1.000","0.000","0.000","0.000","0.0000000","0.000","1.000","2981.000","","2020-05-24 16:44:00"
